{
  "hash": "a80c60c8",
  "configHash": "4c67c53a",
  "lockfileHash": "48d780e4",
  "browserHash": "ffff11e8",
  "optimized": {
    "@angular/common": {
      "src": "../../../../../../node_modules/@angular/common/fesm2022/common.mjs",
      "file": "@angular_common.js",
      "fileHash": "04e7bce8",
      "needsInterop": false
    },
    "@angular/common/http": {
      "src": "../../../../../../node_modules/@angular/common/fesm2022/http.mjs",
      "file": "@angular_common_http.js",
      "fileHash": "f7f4dba6",
      "needsInterop": false
    },
    "@angular/core": {
      "src": "../../../../../../node_modules/@angular/core/fesm2022/core.mjs",
      "file": "@angular_core.js",
      "fileHash": "357ca73c",
      "needsInterop": false
    },
    "@angular/platform-browser": {
      "src": "../../../../../../node_modules/@angular/platform-browser/fesm2022/platform-browser.mjs",
      "file": "@angular_platform-browser.js",
      "fileHash": "a9d1ee45",
      "needsInterop": false
    },
    "@angular/router": {
      "src": "../../../../../../node_modules/@angular/router/fesm2022/router.mjs",
      "file": "@angular_router.js",
      "fileHash": "065c5109",
      "needsInterop": false
    },
    "@swimlane/ngx-charts": {
      "src": "../../../../../../node_modules/@swimlane/ngx-charts/fesm2022/swimlane-ngx-charts.mjs",
      "file": "@swimlane_ngx-charts.js",
      "fileHash": "255ad293",
      "needsInterop": false
    },
    "@angular/platform-browser/animations": {
      "src": "../../../../../../node_modules/@angular/platform-browser/fesm2022/animations.mjs",
      "file": "@angular_platform-browser_animations.js",
      "fileHash": "be175703",
      "needsInterop": false
    }
  },
  "chunks": {
    "chunk-QL7E5F5F": {
      "file": "chunk-QL7E5F5F.js"
    },
    "chunk-JVFDBTMI": {
      "file": "chunk-JVFDBTMI.js"
    },
    "chunk-RXHMAKNU": {
      "file": "chunk-RXHMAKNU.js"
    },
    "chunk-CIRSLWYN": {
      "file": "chunk-CIRSLWYN.js"
    },
    "chunk-7372ATRQ": {
      "file": "chunk-7372ATRQ.js"
    },
    "chunk-DBQVMHQU": {
      "file": "chunk-DBQVMHQU.js"
    },
    "chunk-VWER55NR": {
      "file": "chunk-VWER55NR.js"
    }
  }
}